{
  "lr": 3.8369835640071555e-05,
  "weight_decay": 7.733740843437075e-05,
  "dropout_rate": 0.1,
  "triplet_margin": 0.40108417810453306,
  "P": 4,
  "K": 2,
  "embedding_dim": 256,
  "best_val_rank1": 0.8333333333333334
}