{
  "epoch": [
    0,
    1,
    2,
    3,
    4,
    5,
    6,
    7,
    8,
    9,
    10,
    11,
    12,
    13,
    14,
    15,
    16,
    17,
    18,
    19,
    20,
    21,
    22,
    23,
    24,
    25,
    26,
    27,
    28,
    29,
    30,
    31,
    32,
    33
  ],
  "train_loss": [
    0.4944815297921499,
    0.516027686993281,
    0.5060149093468984,
    0.518857475121816,
    0.4986097435156504,
    0.4851400295893351,
    0.46906787355740864,
    0.47364030877749125,
    0.4710833072662354,
    0.4782594680786133,
    0.46080164511998495,
    0.4627877751986186,
    0.4636725813150406,
    0.4647189478079478,
    0.4565117210149765,
    0.45636036694049836,
    0.46173388659954073,
    0.4714338431755702,
    0.455814461906751,
    0.45657935937245686,
    0.4549429665009181,
    0.4486645778020223,
    0.4584944198528926,
    0.4491069704294205,
    0.4456842909256617,
    0.4550353974103928,
    0.4557142307360967,
    0.4605743706226349,
    0.44156233767668407,
    0.4449337701002757,
    0.4422641148169835,
    0.44274462858835856,
    0.4592101703087489,
    0.45691862603028616
  ],
  "val_rank1": [
    0.16666666666666666,
    0.5,
    0.3333333333333333,
    0.3333333333333333,
    0.0,
    0.3333333333333333,
    0.3333333333333333,
    0.0,
    0.5,
    0.3333333333333333,
    0.3333333333333333,
    0.3333333333333333,
    0.3333333333333333,
    0.3333333333333333,
    0.3333333333333333,
    0.16666666666666666,
    0.5,
    0.3333333333333333,
    0.3333333333333333,
    0.5,
    0.5,
    0.3333333333333333,
    0.6666666666666666,
    0.5,
    0.6666666666666666,
    0.5,
    0.3333333333333333,
    0.3333333333333333,
    0.3333333333333333,
    0.3333333333333333,
    0.3333333333333333,
    0.16666666666666666,
    0.3333333333333333,
    0.5
  ],
  "lr": [
    1.2789945213357185e-05,
    2.557989042671437e-05,
    3.8369835640071555e-05,
    3.8369835640071555e-05,
    3.832810995066301e-05,
    3.8203119239495326e-05,
    3.7995421745426544e-05,
    3.7705945095884506e-05,
    3.733598216385759e-05,
    3.68871852936101e-05,
    3.636155892091166e-05,
    3.576145062074048e-05,
    3.508954062244364e-05,
    3.4348829839182156e-05,
    3.3542626465124356e-05,
    3.2674531200247633e-05,
    3.174842116873825e-05,
    3.076843260281358e-05,
    2.9738942369304866e-05,
    2.866454842150752e-05,
    2.7550049263605506e-05,
    2.6400422519386792e-05,
    2.5220802700967218e-05,
    2.4016458276812893e-05,
    2.279276814148116e-05,
    2.1555197592171703e-05,
    2.0309273919382563e-05,
    1.9060561720689e-05,
    1.7814638047899857e-05,
    1.6577067498590404e-05,
    1.5353377363258666e-05,
    1.4149032939104347e-05,
    1.2969413120684767e-05,
    1.1819786376466058e-05
  ]
}