{
  "epoch": [
    0,
    1,
    2,
    3,
    4,
    5,
    6,
    7,
    8,
    9,
    10,
    11,
    12,
    13,
    14,
    15,
    16,
    17,
    18,
    19,
    20,
    21,
    22,
    23,
    24,
    25,
    26,
    27,
    28,
    29,
    30,
    31,
    32,
    33,
    34,
    35,
    36,
    37,
    38,
    39,
    40,
    41,
    42,
    43,
    44,
    45,
    46,
    47,
    48,
    49
  ],
  "train_loss": [
    0.4474584271510442,
    0.434790567557017,
    0.43023681044578554,
    0.42738733887672425,
    0.41804871161778767,
    0.39928627709547676,
    0.38409869571526845,
    0.3563780019680659,
    0.35946658651034036,
    0.3343218823273977,
    0.33299445460240046,
    0.3091140891114871,
    0.28026926070451735,
    0.25602542360623676,
    0.23374354789654414,
    0.20062367816766102,
    0.1874422421058019,
    0.1582266464829445,
    0.13577775148053964,
    0.11385301649570465,
    0.10025154203176498,
    0.0969559483230114,
    0.07041591728727023,
    0.06816176548600197,
    0.05092308012147744,
    0.045957266539335254,
    0.034492892771959306,
    0.052587005371848745,
    0.0253980694959561,
    0.026949524134397506,
    0.025361131876707077,
    0.024692208816607792,
    0.01950308990975221,
    0.032554976145426434,
    0.01885125587383906,
    0.013664937516053518,
    0.015376835564772288,
    0.018626522397001584,
    0.018607939903934795,
    0.011682333300511043,
    0.006743543843428294,
    0.010327321104705333,
    0.008178219199180603,
    0.01266616682211558,
    0.004703346143166224,
    0.0074202451854944226,
    0.00675652027130127,
    0.008190615599354108,
    0.01245228759944439,
    0.0054898701608181
  ],
  "val_rank1": [
    0.3333333333333333,
    0.8333333333333334,
    0.6666666666666666,
    0.16666666666666666,
    0.3333333333333333,
    0.5,
    0.6666666666666666,
    0.8333333333333334,
    0.6666666666666666,
    0.8333333333333334,
    0.8333333333333334,
    0.8333333333333334,
    0.6666666666666666,
    0.8333333333333334,
    1.0,
    0.8333333333333334,
    1.0,
    0.8333333333333334,
    1.0,
    1.0,
    1.0,
    1.0,
    1.0,
    1.0,
    1.0,
    1.0,
    1.0,
    1.0,
    1.0,
    1.0,
    1.0,
    1.0,
    1.0,
    1.0,
    1.0,
    1.0,
    1.0,
    1.0,
    1.0,
    1.0,
    1.0,
    1.0,
    1.0,
    1.0,
    1.0,
    1.0,
    1.0,
    1.0,
    1.0,
    1.0
  ],
  "lr": [
    2.615971422265144e-05,
    5.231942844530288e-05,
    7.847914266795432e-05,
    7.847914266795432e-05,
    7.839263250307854e-05,
    7.813348838384817e-05,
    7.770286771080789e-05,
    7.710269374041828e-05,
    7.633564699532554e-05,
    7.540515329249666e-05,
    7.431536844268928e-05,
    7.307115968959193e-05,
    7.167808397153222e-05,
    7.014236310284127e-05,
    6.847085598572058e-05,
    6.667102797671972e-05,
    6.47509175446418e-05,
    6.271910036879038e-05,
    6.058465103790393e-05,
    5.835710252083964e-05,
    5.604640359002037e-05,
    5.366287438780184e-05,
    5.12171603342117e-05,
    4.872018458191938e-05,
    4.618309923078471e-05,
    4.36172355198727e-05,
    4.1034053219389176e-05,
    3.8445089448565154e-05,
    3.586190714808162e-05,
    3.329604343716961e-05,
    3.075895808603494e-05,
    2.826198233374263e-05,
    2.581626828015248e-05,
    2.3432739077933957e-05,
    2.1122040147114676e-05,
    1.8894491630050396e-05,
    1.6760042299163943e-05,
    1.4728225123312518e-05,
    1.2808114691234598e-05,
    1.1008286682233744e-05,
    9.336779565113048e-06,
    7.801058696422111e-06,
    6.407982978362396e-06,
    5.163774225265043e-06,
    4.073989375457655e-06,
    3.14349567262879e-06,
    2.376448927536038e-06,
    1.7762749571464227e-06,
    1.345654284106155e-06,
    1.0865101648757873e-06
  ]
}