{
  "lr": 7.847914266795432e-05,
  "weight_decay": 0.00020454080382559446,
  "dropout_rate": 0.1,
  "triplet_margin": 0.3397451582877206,
  "P": 8,
  "K": 2,
  "embedding_dim": 256,
  "best_val_rank1": 0.8333333333333334
}