{
  "lr": 2.660750405046403e-05,
  "weight_decay": 0.0002333003607792223,
  "dropout_rate": 0.1,
  "triplet_margin": 0.44213514404575016,
  "P": 8,
  "K": 2,
  "embedding_dim": 512,
  "best_val_rank1": 0.8333333333333334
}