{
  "epoch": [
    0,
    1,
    2,
    3,
    4,
    5,
    6,
    7,
    8,
    9,
    10,
    11,
    12,
    13,
    14,
    15,
    16,
    17,
    18,
    19,
    20,
    21,
    22,
    23,
    24,
    25,
    26,
    27,
    28,
    29,
    30,
    31,
    32,
    33,
    34,
    35,
    36,
    37,
    38,
    39,
    40,
    41,
    42,
    43,
    44,
    45,
    46,
    47,
    48,
    49
  ],
  "train_loss": [
    0.5337253312269846,
    0.5237331608931224,
    0.5121175746122996,
    0.50403719941775,
    0.48938392798105873,
    0.49261217514673866,
    0.49747145771980283,
    0.4848098635673523,
    0.46731269657611846,
    0.48147031168142956,
    0.454913537700971,
    0.4421379496653875,
    0.41595767736434935,
    0.38717713157335915,
    0.3908080110947291,
    0.34763150811195376,
    0.34510861039161683,
    0.30264374365409213,
    0.2420146116365989,
    0.23279202841222285,
    0.20812314935028553,
    0.18917444236576558,
    0.17772416323423385,
    0.17616946895917257,
    0.12925428313513596,
    0.1328312043721477,
    0.13805258503804604,
    0.11096375286579133,
    0.07021659736831982,
    0.08128669100503126,
    0.0645173292607069,
    0.05451751723885536,
    0.0447460034241279,
    0.05033643047014872,
    0.03012422944108645,
    0.02442254008104404,
    0.0172686913361152,
    0.029474862416585288,
    0.019148476235568524,
    0.01447435114532709,
    0.015204181770483653,
    0.010830223932862282,
    0.011994739000995954,
    0.00867338478565216,
    0.0072192646563053135,
    0.0032546224693457285,
    0.004746084163586298,
    0.007815565168857574,
    0.002946841095884641,
    0.004881842372318109
  ],
  "val_rank1": [
    0.3333333333333333,
    0.5,
    0.3333333333333333,
    0.5,
    0.6666666666666666,
    0.5,
    0.6666666666666666,
    0.6666666666666666,
    0.3333333333333333,
    0.5,
    0.5,
    0.8333333333333334,
    0.6666666666666666,
    0.8333333333333334,
    0.6666666666666666,
    0.8333333333333334,
    0.8333333333333334,
    0.8333333333333334,
    0.8333333333333334,
    0.8333333333333334,
    0.8333333333333334,
    1.0,
    1.0,
    1.0,
    1.0,
    1.0,
    1.0,
    1.0,
    1.0,
    1.0,
    1.0,
    1.0,
    1.0,
    1.0,
    1.0,
    1.0,
    1.0,
    1.0,
    1.0,
    1.0,
    1.0,
    1.0,
    1.0,
    1.0,
    1.0,
    1.0,
    1.0,
    1.0,
    1.0,
    1.0
  ],
  "lr": [
    8.869168016821343e-06,
    1.7738336033642686e-05,
    2.660750405046403e-05,
    2.660750405046403e-05,
    2.657891171811264e-05,
    2.649326242135564e-05,
    2.635093869074403e-05,
    2.615257617860834e-05,
    2.5899060820080994e-05,
    2.5591524876294967e-05,
    2.5231341877430692e-05,
    2.482012048819685e-05,
    2.435969732314327e-05,
    2.385212874389451e-05,
    2.3299681674939642e-05,
    2.270482347899718e-05,
    2.2070210937174226e-05,
    2.1398678383137107e-05,
    2.0693225044289156e-05,
    1.9957001646493074e-05,
    1.9193296342164367e-05,
    1.8405520024584447e-05,
    1.7597191094023246e-05,
    1.6771919743709473e-05,
    1.59333918358313e-05,
    1.5085352439581067e-05,
    1.423158910476711e-05,
    1.3375914945696926e-05,
    1.2522151610882966e-05,
    1.1674112214632731e-05,
    1.083558430675456e-05,
    1.0010312956440789e-05,
    9.201984025879585e-06,
    8.414207708299666e-06,
    7.650502403970956e-06,
    6.9142790061748745e-06,
    6.208825667326923e-06,
    5.537293113289803e-06,
    4.902680571466853e-06,
    4.30782237552439e-06,
    3.755375306569519e-06,
    3.247806727320762e-06,
    2.787383562267184e-06,
    2.376162173033342e-06,
    2.0159791741690634e-06,
    1.7084432303830384e-06,
    1.4549278718556916e-06,
    1.256565359719999e-06,
    1.1142416291083918e-06,
    1.0285923323513915e-06
  ]
}