{
  "lr": 1.6045508927059274e-05,
  "weight_decay": 0.00011958385887182559,
  "dropout_rate": 0.5,
  "triplet_margin": 0.4818535762416427,
  "P": 8,
  "K": 2,
  "embedding_dim": 512,
  "best_val_rank1": 0.8333333333333334
}