{
  "epoch": [
    0,
    1,
    2,
    3,
    4,
    5,
    6,
    7,
    8,
    9,
    10,
    11,
    12
  ],
  "train_loss": [
    0.5415076653162638,
    0.5384161055088044,
    0.5408596158027649,
    0.5397365649541219,
    0.5391026357809703,
    0.5366032044092814,
    0.5384736637274424,
    0.5326064229011536,
    0.5381041606267293,
    0.5381100098292033,
    0.5391077717145284,
    0.5335186123847961,
    0.5344705998897552
  ],
  "val_rank1": [
    0.6666666666666666,
    0.6666666666666666,
    0.6666666666666666,
    0.8333333333333334,
    0.8333333333333334,
    0.8333333333333334,
    0.8333333333333334,
    0.8333333333333334,
    0.5,
    0.8333333333333334,
    0.8333333333333334,
    0.8333333333333334,
    0.8333333333333334
  ],
  "lr": [
    5.3485029756864245e-06,
    1.0697005951372849e-05,
    1.6045508927059274e-05,
    1.6045508927059274e-05,
    1.6028709703253996e-05,
    1.597838706124975e-05,
    1.5894765754181734e-05,
    1.5778219255106696e-05,
    1.5629268088981596e-05,
    1.5448577507872797e-05,
    1.5236954519778835e-05,
    1.49953442843368e-05,
    1.4724825891509953e-05
  ]
}